"Timestamp","Mode","Strategy","TotalMs","QExpMs","RetrievalMs","DenseMs","SparseMs","MergeMs","RerankMs","ContextMs","LlmMs","GuardrailMs","ThreadPoolSize","ParallelGranularity","NestedDenseSparse"
"2025-12-10T19:38:54.667+09:00","SEQUENTIAL","SEQUENTIAL","14546","4910","5339","3157","1","2060","2","1","4294","0","1","FINE","True"
"2025-12-10T19:39:02.951+09:00","SEQUENTIAL","SEQUENTIAL","8228","2393","3008","1159","2","1769","1","0","2826","0","1","FINE","True"
"2025-12-10T19:39:15.602+09:00","SEQUENTIAL","SEQUENTIAL","12638","2452","7794","1806","85","5880","1","0","2391","0","1","FINE","True"
"2025-12-10T19:39:26.413+09:00","SEQUENTIAL","SEQUENTIAL","10802","1688","5411","3527","0","1805","1","0","3702","0","1","FINE","True"
"2025-12-10T19:39:34.895+09:00","SEQUENTIAL","SEQUENTIAL","8470","1241","5292","1009","28","4193","2","0","1936","0","1","FINE","True"
"2025-12-10T19:39:45.628+09:00","SEQUENTIAL","SEQUENTIAL","10715","1697","6911","993","19","5882","1","0","2106","0","1","FINE","True"
"2025-12-10T19:39:54.280+09:00","SEQUENTIAL","SEQUENTIAL","8641","1592","4173","2249","0","1833","1","0","2875","0","1","FINE","True"
"2025-12-10T19:40:01.275+09:00","SEQUENTIAL","SEQUENTIAL","6985","1341","3043","1247","1","1718","1","0","2600","0","1","FINE","True"
"2025-12-10T19:40:12.679+09:00","SEQUENTIAL","SEQUENTIAL","11397","1309","7238","1333","16","5872","1","0","2849","0","1","FINE","True"
"2025-12-10T19:40:21.601+09:00","SEQUENTIAL","SEQUENTIAL","8908","1624","3574","1646","0","1835","1","0","3709","0","1","FINE","True"
"2025-12-10T19:40:31.601+09:00","SEQUENTIAL","SEQUENTIAL","9994","1898","5573","1341","10","4161","2","0","2522","0","1","FINE","True"
"2025-12-10T19:40:42.788+09:00","SEQUENTIAL","SEQUENTIAL","11178","1666","7157","1369","14","5759","1","0","2353","0","1","FINE","True"
"2025-12-10T19:40:51.286+09:00","SEQUENTIAL","SEQUENTIAL","8490","1708","3137","1175","1","1858","1","0","3644","0","1","FINE","True"
"2025-12-10T19:41:10.232+09:00","SEQUENTIAL","SEQUENTIAL","18939","2273","13298","11481","0","1736","1","0","3367","0","1","FINE","True"
"2025-12-10T19:41:22.106+09:00","SEQUENTIAL","SEQUENTIAL","11868","1532","7194","1227","14","5936","1","0","3140","0","1","FINE","True"
"2025-12-10T19:41:31.514+09:00","SEQUENTIAL","SEQUENTIAL","9400","2898","3648","1791","0","1781","1","0","2853","0","1","FINE","True"
"2025-12-10T19:41:50.032+09:00","SEQUENTIAL","SEQUENTIAL","18508","1298","13469","11650","0","1739","1","0","3740","0","1","FINE","True"
"2025-12-10T19:42:01.747+09:00","SEQUENTIAL","SEQUENTIAL","11694","1768","7930","1886","17","6010","1","0","1995","0","1","FINE","True"
"2025-12-10T19:42:13.762+09:00","SEQUENTIAL","SEQUENTIAL","12007","1894","7047","2816","13","4152","2","0","3064","0","1","FINE","True"
"2025-12-10T19:42:22.428+09:00","SEQUENTIAL","SEQUENTIAL","8657","1383","3401","1593","0","1728","1","0","3872","0","1","FINE","True"
"2025-12-10T19:42:35.061+09:00","SEQUENTIAL","SEQUENTIAL","12624","2476","7667","1777","14","5860","1","0","2481","0","1","FINE","True"
"2025-12-10T19:42:43.433+09:00","SEQUENTIAL","SEQUENTIAL","8366","1524","3395","1383","0","1907","1","0","3446","0","1","FINE","True"
"2025-12-10T19:42:53.021+09:00","SEQUENTIAL","SEQUENTIAL","9579","2144","3379","1587","0","1714","1","0","4054","0","1","FINE","True"
"2025-12-10T19:43:04.934+09:00","SEQUENTIAL","SEQUENTIAL","11904","1488","8035","1509","17","6489","1","0","2380","0","1","FINE","True"
"2025-12-10T19:43:13.157+09:00","SEQUENTIAL","SEQUENTIAL","8210","1559","3138","1113","0","1903","1","0","3512","0","1","FINE","True"
"2025-12-10T19:43:22.410+09:00","SEQUENTIAL","SEQUENTIAL","9245","1488","5465","1201","10","4193","2","0","2292","0","1","FINE","True"
"2025-12-10T19:43:33.345+09:00","SEQUENTIAL","SEQUENTIAL","10925","1735","7028","1159","13","5839","1","0","2161","0","1","FINE","True"
"2025-12-10T19:43:43.480+09:00","SEQUENTIAL","SEQUENTIAL","10127","1546","3056","1171","0","1790","1","0","5523","0","1","FINE","True"
"2025-12-10T19:43:51.059+09:00","SEQUENTIAL","SEQUENTIAL","7568","1560","2998","1158","0","1760","1","0","3008","0","1","FINE","True"
"2025-12-10T19:44:02.139+09:00","SEQUENTIAL","SEQUENTIAL","11072","1732","7171","1219","15","5917","1","0","2168","0","1","FINE","True"
"2025-12-10T20:03:44.031+09:00","PARALLEL_OLD","V1_OLD","10502","3458","4289","1762","2","2443","3","1","2752","0","1","FINE","True"
"2025-12-10T20:03:53.527+09:00","PARALLEL_OLD","V1_OLD","9439","3167","3251","1367","1","1786","1","0","3020","0","1","FINE","True"
"2025-12-10T20:04:18.239+09:00","PARALLEL_OLD","V1_OLD","24701","1548","17715","11636","68","5995","1","0","5437","0","1","FINE","True"
"2025-12-10T20:04:27.285+09:00","PARALLEL_OLD","V1_OLD","9036","1455","3330","1352","0","1867","2","0","4250","0","1","FINE","True"
"2025-12-10T20:04:41.191+09:00","PARALLEL_OLD","V1_OLD","13892","2217","5444","1151","29","4204","2","0","6230","0","1","FINE","True"
"2025-12-10T20:04:52.718+09:00","PARALLEL_OLD","V1_OLD","11503","1523","6935","1061","19","5838","1","0","3043","0","1","FINE","True"
"2025-12-10T20:05:17.383+09:00","PARALLEL_OLD","V1_OLD","24655","2090","14161","11763","0","2323","2","0","8402","0","1","FINE","True"
"2025-12-10T20:05:36.596+09:00","PARALLEL_OLD","V1_OLD","19205","11930","3058","1245","0","1732","2","0","4216","0","1","FINE","True"
"2025-12-10T20:05:48.841+09:00","PARALLEL_OLD","V1_OLD","12234","2076","7151","1329","16","5789","1","0","3006","0","1","FINE","True"
"2025-12-10T20:06:08.212+09:00","PARALLEL_OLD","V1_OLD","19363","12583","3351","1326","0","1915","1","0","3428","0","1","FINE","True"
"2025-12-10T20:06:19.948+09:00","PARALLEL_OLD","V1_OLD","11727","1424","5222","1153","12","4010","2","0","5079","0","1","FINE","True"
"2025-12-10T20:06:31.909+09:00","PARALLEL_OLD","V1_OLD","11955","1538","7130","1144","17","5953","1","0","3285","0","1","FINE","True"
"2025-12-10T20:06:40.674+09:00","PARALLEL_OLD","V1_OLD","8757","1347","3122","1254","1","1792","2","0","4287","0","1","FINE","True"
"2025-12-10T20:06:48.533+09:00","PARALLEL_OLD","V1_OLD","7853","1399","3076","1271","0","1730","1","0","3377","0","1","FINE","True"
"2025-12-10T20:07:01.865+09:00","PARALLEL_OLD","V1_OLD","13324","1715","7037","1188","14","5819","1","0","4571","0","1","FINE","True"
"2025-12-10T20:07:10.672+09:00","PARALLEL_OLD","V1_OLD","8794","2199","3534","956","0","2505","2","0","3060","0","1","FINE","True"
"2025-12-10T20:07:19.099+09:00","PARALLEL_OLD","V1_OLD","8419","1372","3114","1232","0","1804","1","0","3931","0","1","FINE","True"
"2025-12-10T20:07:31.239+09:00","PARALLEL_OLD","V1_OLD","12133","1510","7509","1158","14","6319","1","0","3113","0","1","FINE","True"
"2025-12-10T20:07:42.087+09:00","PARALLEL_OLD","V1_OLD","10840","1553","3129","962","0","2066","1","0","6156","0","1","FINE","True"
"2025-12-10T20:08:00.647+09:00","PARALLEL_OLD","V1_OLD","18554","1705","13593","11656","0","1862","1","0","3256","0","1","FINE","True"
"2025-12-10T20:08:12.440+09:00","PARALLEL_OLD","V1_OLD","11786","1449","7907","1275","20","6593","2","0","2428","0","1","FINE","True"
"2025-12-10T20:08:21.906+09:00","PARALLEL_OLD","V1_OLD","9460","3184","3275","1153","0","2039","2","0","3001","0","1","FINE","True"
"2025-12-10T20:08:31.163+09:00","PARALLEL_OLD","V1_OLD","9251","1933","3543","1612","0","1850","1","0","3774","0","1","FINE","True"
"2025-12-10T20:08:43.623+09:00","PARALLEL_OLD","V1_OLD","12453","1704","8327","1735","16","6558","2","0","2420","0","1","FINE","True"
"2025-12-10T20:08:53.045+09:00","PARALLEL_OLD","V1_OLD","9415","2560","3580","1659","0","1831","1","0","3275","0","1","FINE","True"
"2025-12-10T20:09:02.266+09:00","PARALLEL_OLD","V1_OLD","9214","1685","2997","1178","0","1740","1","0","4531","0","1","FINE","True"
"2025-12-10T20:09:14.162+09:00","PARALLEL_OLD","V1_OLD","11889","1523","7231","1131","15","6069","1","0","3135","0","1","FINE","True"
"2025-12-10T20:09:25.749+09:00","PARALLEL_OLD","V1_OLD","11580","1552","3530","1119","0","2338","2","0","6498","0","1","FINE","True"
"2025-12-10T20:09:34.355+09:00","PARALLEL_OLD","V1_OLD","8598","1768","2907","1052","0","1764","2","0","3921","0","1","FINE","True"
"2025-12-10T20:09:46.607+09:00","PARALLEL_OLD","V1_OLD","12243","2136","7110","1184","14","5896","1","0","2997","0","1","FINE","True"
"2025-12-10T20:12:15.377+09:00","PARALLEL_SYNC","ASYNC","11734","4089","3553","1580","3","1887","2","1","4088","0","1","FINE","True"
"2025-12-10T20:12:24.205+09:00","PARALLEL_SYNC","ASYNC","8760","2681","2876","1034","3","1758","2","0","3202","0","1","FINE","True"
"2025-12-10T20:12:37.376+09:00","PARALLEL_SYNC","ASYNC","13158","1760","7181","1187","71","5907","1","0","4216","0","1","FINE","True"
"2025-12-10T20:12:46.810+09:00","PARALLEL_SYNC","ASYNC","9422","2270","3736","1741","1","1905","2","0","3415","0","1","FINE","True"
"2025-12-10T20:12:57.300+09:00","PARALLEL_SYNC","ASYNC","10481","1520","3915","2070","0","1756","1","0","5045","0","1","FINE","True"
"2025-12-10T20:13:08.825+09:00","PARALLEL_SYNC","ASYNC","11507","1493","7206","1239","22","5921","1","0","2807","0","1","FINE","True"
"2025-12-10T20:13:17.702+09:00","PARALLEL_SYNC","ASYNC","8867","1826","3374","1473","0","1811","1","0","3666","0","1","FINE","True"
"2025-12-10T20:13:26.934+09:00","PARALLEL_SYNC","ASYNC","9226","1403","3637","1832","0","1718","1","0","4185","0","1","FINE","True"
"2025-12-10T20:13:39.185+09:00","PARALLEL_SYNC","ASYNC","12239","1574","7463","1526","17","5902","1","0","3202","0","1","FINE","True"
"2025-12-10T20:13:48.894+09:00","PARALLEL_SYNC","ASYNC","9703","1235","3746","1828","0","1817","2","0","4722","0","1","FINE","True"
"2025-12-10T20:14:01.585+09:00","PARALLEL_SYNC","ASYNC","12683","1269","8296","4108","21","4100","2","0","3117","0","1","FINE","True"
"2025-12-10T20:14:13.283+09:00","PARALLEL_SYNC","ASYNC","11691","1509","7182","1372","17","5775","1","0","2999","0","1","FINE","True"
"2025-12-10T20:14:22.342+09:00","PARALLEL_SYNC","ASYNC","9049","2330","3161","1274","0","1790","1","0","3557","0","1","FINE","True"
"2025-12-10T20:14:32.368+09:00","PARALLEL_SYNC","ASYNC","10013","1805","3138","1354","0","1705","1","0","5069","0","1","FINE","True"
"2025-12-10T20:14:45.665+09:00","PARALLEL_SYNC","ASYNC","13290","2110","7780","1845","14","5904","1","0","3399","0","1","FINE","True"
"2025-12-10T20:14:54.530+09:00","PARALLEL_SYNC","ASYNC","8854","1497","3532","1444","0","1973","2","0","3824","0","1","FINE","True"
"2025-12-10T20:15:03.229+09:00","PARALLEL_SYNC","ASYNC","8687","1299","3427","1600","0","1743","1","0","3960","0","1","FINE","True"
"2025-12-10T20:15:15.051+09:00","PARALLEL_SYNC","ASYNC","11805","1516","7600","1479","17","6087","1","0","2688","0","1","FINE","True"
"2025-12-10T20:15:28.379+09:00","PARALLEL_SYNC","ASYNC","13322","1468","6061","1586","15","4397","2","0","5792","0","1","FINE","True"
"2025-12-10T20:15:37.149+09:00","PARALLEL_SYNC","ASYNC","8760","1824","3396","1583","0","1730","1","0","3538","0","1","FINE","True"
"2025-12-10T20:15:48.128+09:00","PARALLEL_SYNC","ASYNC","10966","1738","7230","1407","13","5794","1","0","1996","0","1","FINE","True"
"2025-12-10T20:15:57.443+09:00","PARALLEL_SYNC","ASYNC","9306","2142","3242","1279","0","1859","1","0","3921","0","1","FINE","True"
"2025-12-10T20:16:05.366+09:00","PARALLEL_SYNC","ASYNC","7916","1902","2872","1068","0","1724","1","0","3141","0","1","FINE","True"
"2025-12-10T20:16:16.444+09:00","PARALLEL_SYNC","ASYNC","11068","1833","7066","1181","14","5855","1","0","2168","0","1","FINE","True"
"2025-12-10T20:16:24.942+09:00","PARALLEL_SYNC","ASYNC","8492","1705","3217","1338","1","1804","1","0","3570","0","1","FINE","True"
"2025-12-10T20:16:32.984+09:00","PARALLEL_SYNC","ASYNC","8029","1769","2888","1093","0","1714","1","0","3371","0","1","FINE","True"
"2025-12-10T20:16:44.616+09:00","PARALLEL_SYNC","ASYNC","11624","1593","6962","1154","19","5774","1","0","3068","0","1","FINE","True"
"2025-12-10T20:16:53.648+09:00","PARALLEL_SYNC","ASYNC","9022","2589","3216","1353","0","1779","1","0","3216","0","1","FINE","True"
"2025-12-10T20:17:04.758+09:00","PARALLEL_SYNC","ASYNC","11098","1887","5993","1597","11","4330","1","0","3217","0","1","FINE","True"
"2025-12-10T20:17:16.075+09:00","PARALLEL_SYNC","ASYNC","11311","1803","7048","1189","13","5828","1","0","2459","0","1","FINE","True"
